{
  "version" : 44,
  "root" : {
    "parentid" : null,
    "children" : [
      {
        "radius" : 0,
        "isMaster" : false,
        "replicaInfo" : null,
        "isTarget" : false,
        "children" : [
          {
            "radius" : 0,
            "children" : [

            ],
            "centerAnchorX" : 0.4986666666666666,
            "id" : "CIx4T20DO",
            "exportOptions" : [

            ],
            "grayScaleEnabled" : 0,
            "fillImagePixelHeight" : null,
            "fillImagePixelWidth" : null,
            "constraintsLocked" : false,
            "fillImageResize" : "fill",
            "aspectRatio" : null,
            "blurType" : "layer",
            "fillColor" : "rgba(255,255,255,1)",
            "grayscale" : 0,
            "codeComponentProps" : {
              "fontSize" : 44,
              "color" : "hsl(229, 75%, 41%)",
              "fontWeight" : 200,
              "placeholders" : null,
              "textType" : "countries"
            },
            "top" : 123,
            "saturate" : 100,
            "left" : null,
            "locked" : false,
            "sepiaEnabled" : 0,
            "fillGradient" : {
              "end" : "rgba(0,0,0,0)",
              "alpha" : 1,
              "angle" : 0,
              "__class" : "LinearGradient",
              "start" : "black"
            },
            "sepia" : 0,
            "radiusTopLeft" : 0,
            "blur" : 12,
            "borderColor" : "#222",
            "rotation" : 0,
            "borderLeft" : 1,
            "fillEnabled" : false,
            "right" : null,
            "opacity" : 1,
            "codeComponentIdentifier" : ".\/test.tsx_test",
            "originalid" : null,
            "widthType" : 0,
            "name" : null,
            "contrast" : 100,
            "centerAnchorY" : 0.2278860569715142,
            "height" : 58,
            "codeOverrideName" : null,
            "borderWidth" : 1,
            "radiusIsRelative" : false,
            "hueRotate" : 0,
            "borderStyle" : "solid",
            "codeOverrideIdentifier" : null,
            "brightnessEnabled" : 0,
            "borderPerSide" : false,
            "saturateEnabled" : 0,
            "borderRight" : 1,
            "codeOverrideFile" : null,
            "parentid" : "jAuetfVVd",
            "intrinsicWidth" : null,
            "radiusBottomLeft" : 0,
            "boxShadows" : [

            ],
            "contrastEnabled" : 0,
            "borderEnabled" : 0,
            "radiusPerCorner" : false,
            "radiusTopRight" : 0,
            "invert" : 0,
            "__class" : "CodeComponentNode",
            "visible" : true,
            "heightType" : 0,
            "fillType" : "color",
            "fillImage" : null,
            "clip" : true,
            "invertEnabled" : 0,
            "hueRotateEnabled" : 0,
            "width" : 200,
            "intrinsicHeight" : null,
            "borderBottom" : 1,
            "brightness" : 100,
            "bottom" : null,
            "borderTop" : 1,
            "radiusBottomRight" : 0,
            "blurEnabled" : 0
          },
          {
            "radius" : 0,
            "children" : [

            ],
            "centerAnchorX" : 0.4986666666666666,
            "id" : "OZ9c1ezcd",
            "exportOptions" : [

            ],
            "grayScaleEnabled" : 0,
            "fillImagePixelHeight" : null,
            "fillImagePixelWidth" : null,
            "constraintsLocked" : false,
            "fillImageResize" : "fill",
            "aspectRatio" : null,
            "blurType" : "layer",
            "fillColor" : "rgba(255,255,255,1)",
            "grayscale" : 0,
            "codeComponentProps" : {
              "fontSize" : 44,
              "color" : "hsl(229, 75%, 41%)",
              "fontWeight" : 200,
              "placeholders" : null,
              "textType" : "countries"
            },
            "top" : 208,
            "saturate" : 100,
            "left" : null,
            "locked" : false,
            "sepiaEnabled" : 0,
            "fillGradient" : {
              "end" : "rgba(0,0,0,0)",
              "alpha" : 1,
              "angle" : 0,
              "__class" : "LinearGradient",
              "start" : "black"
            },
            "sepia" : 0,
            "radiusTopLeft" : 0,
            "blur" : 12,
            "borderColor" : "#222",
            "rotation" : 0,
            "borderLeft" : 1,
            "fillEnabled" : false,
            "right" : null,
            "opacity" : 1,
            "codeComponentIdentifier" : ".\/test.tsx_test",
            "originalid" : null,
            "widthType" : 0,
            "name" : null,
            "contrast" : 100,
            "centerAnchorY" : 0.3553223388305847,
            "height" : 58,
            "codeOverrideName" : null,
            "borderWidth" : 1,
            "radiusIsRelative" : false,
            "hueRotate" : 0,
            "borderStyle" : "solid",
            "codeOverrideIdentifier" : null,
            "brightnessEnabled" : 0,
            "borderPerSide" : false,
            "saturateEnabled" : 0,
            "borderRight" : 1,
            "codeOverrideFile" : null,
            "parentid" : "jAuetfVVd",
            "intrinsicWidth" : null,
            "radiusBottomLeft" : 0,
            "boxShadows" : [

            ],
            "contrastEnabled" : 0,
            "borderEnabled" : 0,
            "radiusPerCorner" : false,
            "radiusTopRight" : 0,
            "invert" : 0,
            "__class" : "CodeComponentNode",
            "visible" : true,
            "heightType" : 0,
            "fillType" : "color",
            "fillImage" : null,
            "clip" : true,
            "invertEnabled" : 0,
            "hueRotateEnabled" : 0,
            "width" : 200,
            "intrinsicHeight" : null,
            "borderBottom" : 1,
            "brightness" : 100,
            "bottom" : null,
            "borderTop" : 1,
            "radiusBottomRight" : 0,
            "blurEnabled" : 0
          },
          {
            "radius" : 0,
            "children" : [

            ],
            "centerAnchorX" : 0.4986666666666666,
            "id" : "i3DIU95D_",
            "exportOptions" : [

            ],
            "grayScaleEnabled" : 0,
            "fillImagePixelHeight" : null,
            "fillImagePixelWidth" : null,
            "constraintsLocked" : false,
            "fillImageResize" : "fill",
            "aspectRatio" : null,
            "blurType" : "layer",
            "fillColor" : "rgba(255,255,255,1)",
            "grayscale" : 0,
            "codeComponentProps" : {
              "fontSize" : 44,
              "color" : "hsl(229, 75%, 41%)",
              "fontWeight" : 200,
              "placeholders" : null,
              "textType" : "countries"
            },
            "top" : null,
            "saturate" : 100,
            "left" : null,
            "locked" : false,
            "sepiaEnabled" : 0,
            "fillGradient" : {
              "end" : "rgba(0,0,0,0)",
              "alpha" : 1,
              "angle" : 0,
              "__class" : "LinearGradient",
              "start" : "black"
            },
            "sepia" : 0,
            "radiusTopLeft" : 0,
            "blur" : 12,
            "borderColor" : "#222",
            "rotation" : 0,
            "borderLeft" : 1,
            "fillEnabled" : false,
            "right" : null,
            "opacity" : 1,
            "codeComponentIdentifier" : ".\/test.tsx_test",
            "originalid" : null,
            "widthType" : 0,
            "name" : null,
            "contrast" : 100,
            "centerAnchorY" : 0.5082458770614693,
            "height" : 58,
            "codeOverrideName" : null,
            "borderWidth" : 1,
            "radiusIsRelative" : false,
            "hueRotate" : 0,
            "borderStyle" : "solid",
            "codeOverrideIdentifier" : null,
            "brightnessEnabled" : 0,
            "borderPerSide" : false,
            "saturateEnabled" : 0,
            "borderRight" : 1,
            "codeOverrideFile" : null,
            "parentid" : "jAuetfVVd",
            "intrinsicWidth" : null,
            "radiusBottomLeft" : 0,
            "boxShadows" : [

            ],
            "contrastEnabled" : 0,
            "borderEnabled" : 0,
            "radiusPerCorner" : false,
            "radiusTopRight" : 0,
            "invert" : 0,
            "__class" : "CodeComponentNode",
            "visible" : true,
            "heightType" : 0,
            "fillType" : "color",
            "fillImage" : null,
            "clip" : true,
            "invertEnabled" : 0,
            "hueRotateEnabled" : 0,
            "width" : 200,
            "intrinsicHeight" : null,
            "borderBottom" : 1,
            "brightness" : 100,
            "bottom" : 299,
            "borderTop" : 1,
            "radiusBottomRight" : 0,
            "blurEnabled" : 0
          },
          {
            "radius" : 0,
            "children" : [

            ],
            "centerAnchorX" : 0.4986666666666666,
            "id" : "zwAvGMd7t",
            "exportOptions" : [

            ],
            "grayScaleEnabled" : 0,
            "fillImagePixelHeight" : null,
            "fillImagePixelWidth" : null,
            "constraintsLocked" : false,
            "fillImageResize" : "fill",
            "aspectRatio" : null,
            "blurType" : "layer",
            "fillColor" : "rgba(255,255,255,1)",
            "grayscale" : 0,
            "codeComponentProps" : {
              "fontSize" : 44,
              "color" : "hsl(229, 75%, 41%)",
              "fontWeight" : 200,
              "placeholders" : null,
              "textType" : "countries"
            },
            "top" : null,
            "saturate" : 100,
            "left" : null,
            "locked" : false,
            "sepiaEnabled" : 0,
            "fillGradient" : {
              "end" : "rgba(0,0,0,0)",
              "alpha" : 1,
              "angle" : 0,
              "__class" : "LinearGradient",
              "start" : "black"
            },
            "sepia" : 0,
            "radiusTopLeft" : 0,
            "blur" : 12,
            "borderColor" : "#222",
            "rotation" : 0,
            "borderLeft" : 1,
            "fillEnabled" : false,
            "right" : null,
            "opacity" : 1,
            "codeComponentIdentifier" : ".\/test.tsx_test",
            "originalid" : null,
            "widthType" : 0,
            "name" : null,
            "contrast" : 100,
            "centerAnchorY" : 0.6476761619190404,
            "height" : 58,
            "codeOverrideName" : null,
            "borderWidth" : 1,
            "radiusIsRelative" : false,
            "hueRotate" : 0,
            "borderStyle" : "solid",
            "codeOverrideIdentifier" : null,
            "brightnessEnabled" : 0,
            "borderPerSide" : false,
            "saturateEnabled" : 0,
            "borderRight" : 1,
            "codeOverrideFile" : null,
            "parentid" : "jAuetfVVd",
            "intrinsicWidth" : null,
            "radiusBottomLeft" : 0,
            "boxShadows" : [

            ],
            "contrastEnabled" : 0,
            "borderEnabled" : 0,
            "radiusPerCorner" : false,
            "radiusTopRight" : 0,
            "invert" : 0,
            "__class" : "CodeComponentNode",
            "visible" : true,
            "heightType" : 0,
            "fillType" : "color",
            "fillImage" : null,
            "clip" : true,
            "invertEnabled" : 0,
            "hueRotateEnabled" : 0,
            "width" : 200,
            "intrinsicHeight" : null,
            "borderBottom" : 1,
            "brightness" : 100,
            "bottom" : 206,
            "borderTop" : 1,
            "radiusBottomRight" : 0,
            "blurEnabled" : 0
          }
        ],
        "centerAnchorX" : 0,
        "id" : "jAuetfVVd",
        "exportOptions" : [

        ],
        "exportIncludesBackground" : true,
        "grayScaleEnabled" : 0,
        "fillImagePixelHeight" : null,
        "fillImagePixelWidth" : null,
        "constraintsLocked" : false,
        "fillImageResize" : "fill",
        "aspectRatio" : null,
        "blurType" : "layer",
        "navigationTransition" : "push",
        "fillColor" : "rgba(255,255,255,1)",
        "grayscale" : 0,
        "blendingEnabled" : 0,
        "top" : 0,
        "saturate" : 100,
        "left" : 0,
        "locked" : false,
        "sepiaEnabled" : 0,
        "fillGradient" : {
          "end" : "rgba(0,0,0,0)",
          "alpha" : 1,
          "angle" : 0,
          "__class" : "LinearGradient",
          "start" : "black"
        },
        "sepia" : 0,
        "radiusTopLeft" : 0,
        "blur" : 12,
        "borderColor" : "#222",
        "isExternalMaster" : null,
        "rotation" : 0,
        "borderLeft" : 1,
        "fillEnabled" : true,
        "right" : null,
        "opacity" : 1,
        "navigationTransitionDirection" : "left",
        "originalid" : null,
        "widthType" : 0,
        "name" : null,
        "previewSettings" : null,
        "blendingMode" : "normal",
        "contrast" : 100,
        "centerAnchorY" : 0,
        "height" : 667,
        "navigationTarget" : null,
        "borderWidth" : 1,
        "codeOverrideName" : null,
        "radiusIsRelative" : false,
        "hueRotate" : 0,
        "borderStyle" : "solid",
        "codeOverrideIdentifier" : null,
        "brightnessEnabled" : 0,
        "borderPerSide" : false,
        "saturateEnabled" : 0,
        "borderRight" : 1,
        "codeOverrideFile" : null,
        "parentid" : "lCVPTbzuD",
        "intrinsicWidth" : null,
        "radiusBottomLeft" : 0,
        "boxShadows" : [

        ],
        "contrastEnabled" : 0,
        "borderEnabled" : 0,
        "radiusPerCorner" : false,
        "radiusTopRight" : 0,
        "invert" : 0,
        "__class" : "FrameNode",
        "visible" : true,
        "heightType" : 0,
        "fillType" : "color",
        "fillImage" : null,
        "clip" : true,
        "invertEnabled" : 0,
        "hueRotateEnabled" : 0,
        "width" : 375,
        "intrinsicHeight" : null,
        "borderBottom" : 1,
        "deviceType" : "framer\/FramerAppleIPhone8",
        "bottom" : null,
        "borderTop" : 1,
        "radiusBottomRight" : 0,
        "brightness" : 100,
        "blurEnabled" : 0
      }
    ],
    "id" : "lCVPTbzuD",
    "visible" : false,
    "__class" : "RootNode",
    "originalid" : null,
    "startPoint" : null,
    "name" : null
  }
}